<?xml version="1.0" encoding="UTF-8"?>
<project-private xmlns="http://www.netbeans.org/ns/project-private/1">
    <editor-bookmarks xmlns="http://www.netbeans.org/ns/editor-bookmarks/2" lastBookmarkId="0"/>
    <open-files xmlns="http://www.netbeans.org/ns/projectui-open-files/2">
        <group>
            <file>file:/C:/M/Lab7_MySQL_Java/LAB7_MySQL/src/java/model/Food.java</file>
            <file>file:/C:/M/Lab7_MySQL_Java/LAB7_MySQL/src/java/controller/DBConnection.java</file>
            <file>file:/C:/M/Lab7_MySQL_Java/LAB7_MySQL/web/index.html</file>
            <file>file:/C:/M/Lab7_MySQL_Java/LAB7_MySQL/web/updateFood.jsp</file>
            <file>file:/C:/M/Lab7_MySQL_Java/LAB7_MySQL/src/java/controller/AddNewFoodServlet.java</file>
            <file>file:/C:/M/Lab7_MySQL_Java/LAB7_MySQL/web/AddNewFoodSuccess.jsp</file>
            <file>file:/C:/M/Lab7_MySQL_Java/LAB7_MySQL/web/AddNewFood.html</file>
            <file>file:/C:/M/Lab7_MySQL_Java/LAB7_MySQL/web/EditFood.jsp</file>
        </group>
    </open-files>
</project-private>
